<?xml version="1.0" encoding="ISO-8859-1" standalone="no"?>
<!DOCTYPE MAN SYSTEM "mansip.dtd">
<!-- $Revision: 1.1.1.1 $ $Date: 2005/07/20 01:33:34 $ -->
<MAN>
   <LANGUAGE>eng</LANGUAGE>
   <TITLE>bwborder</TITLE>
   <TYPE>SIP Toolbox</TYPE>
   <DATE>February 2004</DATE>
   <SHORT_DESCRIPTION name="bwborder">Border detection for binary images</SHORT_DESCRIPTION>
   <CALLING_SEQUENCE>
      <CALLING_SEQUENCE_ITEM>B = bwborder(Img)</CALLING_SEQUENCE_ITEM>
      <CALLING_SEQUENCE_ITEM>B = bwborder(Img, 4)</CALLING_SEQUENCE_ITEM>
      <CALLING_SEQUENCE_ITEM>B = bwborder(Img, 8)</CALLING_SEQUENCE_ITEM>
   </CALLING_SEQUENCE>
   <PARAM target="in">
   <PARAM_INDENT>
      <PARAM_ITEM>
      <PARAM_NAME>Img</PARAM_NAME>
      <PARAM_DESCRIPTION>
       binary array, 1 for object and 0 for background (double precision)
      </PARAM_DESCRIPTION>
      </PARAM_ITEM>
   </PARAM_INDENT>
   </PARAM>
   <PARAM target="out">
   <PARAM_INDENT>
      <PARAM_ITEM>
      <PARAM_NAME>B</PARAM_NAME>
      <PARAM_DESCRIPTION>
       binary(0-1) array (double), same size as <TT>Img</TT>
      </PARAM_DESCRIPTION>
      </PARAM_ITEM>
   </PARAM_INDENT>
   </PARAM>
   <DESCRIPTION>
   <P>
 Extracts contours from binary images, by detecting which pixel valued 1 has at least one neighbor valued 0. The second argument is 4 or 8 depending if the detection is to be made in 4- or 8-neighborhood. The final border will be 8-connected if 4-neighbors are used, and 4-connected if 8-neighbors are used. </P>
   <DESCRIPTION_INDENT>
   <DESCRIPTION_ITEM label="bwborder(Img)">
 equals <TT>bwborder(Img, 8)</TT>.
   </DESCRIPTION_ITEM>
   </DESCRIPTION_INDENT>
   </DESCRIPTION>
   <EXAMPLE><![CDATA[
   initial_dir = PWD;
   chdir (SIPDIR + 'images');

   Img = imread('bin2.pbm')
   xbasc()
   imshow(Img,2);
   B = bwborder(Img)
   imshow(B,2);

   chdir(initial_dir);
   ]]></EXAMPLE>
   <AUTHORS>
      <AUTHORS_ITEM name="Ricardo"> Ricardo Fabbri &lt;ricardofabbri (AT) users DOT sf DOT net&gt; </AUTHORS_ITEM>
   </AUTHORS>
<!-- ================================= -->
<SECTION label="Availability">
The latest version of the Scilab Image Processing toolbox can be found at
<P><A href="http://siptoolbox.sourceforge.net">http://siptoolbox.sourceforge.net</A></P>
</SECTION>
<!-- ================================= -->
   <SEE_ALSO>
      <SEE_ALSO_ITEM> <LINK>edge</LINK> </SEE_ALSO_ITEM>
      <SEE_ALSO_ITEM> <LINK>follow</LINK> </SEE_ALSO_ITEM>
      <SEE_ALSO_ITEM> <LINK>im2bw</LINK> </SEE_ALSO_ITEM>
   </SEE_ALSO>
</MAN>
<!-- =================================================== 
           SIP - Scilab Image Processing toolbox
           Copyright (C) 2002-2004  Ricardo Fabbri

       See the file COPYING for license-related issues
     =================================================== -->
