<?xml version="1.0" encoding="ISO-8859-1" standalone="no"?>
<!DOCTYPE MAN SYSTEM "mansip.dtd">
<!-- $Revision: 1.1.1.1 $ $Date: 2005/07/20 01:33:34 $ -->
<MAN>
<LANGUAGE>eng</LANGUAGE>
<TITLE>gray_imread</TITLE>
<TYPE>SIP Toolbox</TYPE>
<DATE>February 2004</DATE>
<SHORT_DESCRIPTION name="gray_imread">Read any image as grayscale</SHORT_DESCRIPTION>
<CALLING_SEQUENCE>
   <CALLING_SEQUENCE_ITEM>im = gray_imread(filename)</CALLING_SEQUENCE_ITEM>
</CALLING_SEQUENCE>
<PARAM>
<PARAM_INDENT>
   <PARAM_ITEM>
   <PARAM_NAME>Img</PARAM_NAME>
   <PARAM_DESCRIPTION>
   2D array representing pixel intensities
   </PARAM_DESCRIPTION>
   </PARAM_ITEM>
</PARAM_INDENT>
</PARAM>
<DESCRIPTION>
<P>
 This is a simple utility routine to read any image as  grayscale. If the image is truecolor or pseudo-color, it  is converted using im2gray </P>
</DESCRIPTION>
<EXAMPLE><![CDATA[
    initial_dir = PWD;
    chdir (SIPDIR + 'images');

    Img = gray_imread('ararauna.png');
    xbasc()
    imshow(Img,[]);

    chdir(initial_dir);
]]></EXAMPLE>
<AUTHORS>
   <AUTHORS_ITEM name="Ricardo"> Ricardo Fabbri &lt;ricardofabbri (AT) users DOT sf DOT net&gt; </AUTHORS_ITEM>
</AUTHORS>
<!-- ================================= -->
<SECTION label="Availability">
The latest version of the Scilab Image Processing toolbox can be found at
<P><A href="http://siptoolbox.sourceforge.net">http://siptoolbox.sourceforge.net</A></P>
</SECTION>
<!-- ================================= -->
<SEE_ALSO>
   <SEE_ALSO_ITEM> <LINK>imshow</LINK> </SEE_ALSO_ITEM>
   <SEE_ALSO_ITEM> <LINK>im2gray</LINK> </SEE_ALSO_ITEM>
   <SEE_ALSO_ITEM> <LINK>im2bw</LINK> </SEE_ALSO_ITEM>
</SEE_ALSO>
</MAN>
<!-- =================================================== 
           SIP - Scilab Image Processing toolbox
           Copyright (C) 2002-2004  Ricardo Fabbri

       See the file COPYING for license-related issues
     =================================================== -->
