<?xml version="1.0" encoding="ISO-8859-1" standalone="no"?>
<!DOCTYPE MAN SYSTEM "mansip.dtd">
<!-- $Revision: 1.1.1.1 $ $Date: 2005/07/20 01:33:33 $ -->
<MAN>
   <LANGUAGE>eng</LANGUAGE>
   <TITLE>hsv2rgb</TITLE>
   <TYPE>SIP Toolbox</TYPE>
   <DATE>February 2004</DATE>
   <SHORT_DESCRIPTION name="hsv2rgb">Converts from HSV to RGB colorspace</SHORT_DESCRIPTION>
   <CALLING_SEQUENCE>
      <CALLING_SEQUENCE_ITEM>RGB = hsv2rgb(HSV)</CALLING_SEQUENCE_ITEM>
      <CALLING_SEQUENCE_ITEM>RGBMAP = 
         hsv2rgb(HSVMAP)</CALLING_SEQUENCE_ITEM>
   </CALLING_SEQUENCE>
   <PARAM>
   <PARAM_INDENT>
      <PARAM_ITEM>
      <PARAM_NAME>HSV</PARAM_NAME>
      <PARAM_DESCRIPTION>
       A HSV image (M x N x 3) in 0-1 range or a HSV colormap (M x 3) in 0-1 range
      </PARAM_DESCRIPTION>
      </PARAM_ITEM>
      <PARAM_ITEM>
      <PARAM_NAME>RGB</PARAM_NAME>
      <PARAM_DESCRIPTION>
       A RGB image (M x N x 3) in 0-1 range or a RGB colormap (M x 3) in 0-1 range
      </PARAM_DESCRIPTION>
      </PARAM_ITEM>
   </PARAM_INDENT>
   </PARAM>
   <DESCRIPTION>
   <P>
      <TT>hsv2rgb(HSV)</TT> converts an HSV image or colormap from HSV  
      to RGB colorspace. RGB is useful for displaying the image on the 
      screen, while HSV is much more useful for image manipulation and 
      segmentation.
   </P>
   </DESCRIPTION>
   <EXAMPLE>
      Cf. the help page for <LINK>rgb2hsv</LINK>
   </EXAMPLE>
   <AUTHORS>
      <AUTHORS_ITEM name="Ricardo"> Ricardo Fabbri &lt;ricardofabbri (AT) users DOT sf DOT net&gt; </AUTHORS_ITEM>
   </AUTHORS>
<!-- ================================= -->
<SECTION label="Availability">
The latest version of the Scilab Image Processing toolbox can be found at
<P><A href="http://siptoolbox.sourceforge.net">http://siptoolbox.sourceforge.net</A></P>
</SECTION>
<!-- ================================= -->
   <SEE_ALSO>
      <SEE_ALSO_ITEM> <LINK>rgb2hsv</LINK> </SEE_ALSO_ITEM>
      <SEE_ALSO_ITEM> <LINK>hsv2ntsc</LINK> </SEE_ALSO_ITEM>
      <SEE_ALSO_ITEM> <LINK>im2gray</LINK> </SEE_ALSO_ITEM>
   </SEE_ALSO>
</MAN>
<!-- =================================================== 
           SIP - Scilab Image Processing toolbox
           Copyright (C) 2002-2004  Ricardo Fabbri

       See the file COPYING for license-related issues
     =================================================== -->
