<?xml version="1.0" encoding="ISO-8859-1" standalone="no"?>
<!DOCTYPE MAN SYSTEM "mansip.dtd">
<!-- $Revision: 1.1.1.1 $ $Date: 2005/07/20 01:33:33 $ -->
<MAN>
   <LANGUAGE>eng</LANGUAGE>
   <TITLE>improfile</TITLE>
   <TYPE>SIP Toolbox</TYPE>
   <DATE>February 2004</DATE>
   <SHORT_DESCRIPTION name="improfile">Draws intensity profiles of an image</SHORT_DESCRIPTION>
   <CALLING_SEQUENCE>
      <CALLING_SEQUENCE_ITEM>[hprofile,vprofile]=improfile(matrix[,option,maximal_luminance])</CALLING_SEQUENCE_ITEM>
   </CALLING_SEQUENCE>
   <PARAM>
   <PARAM_INDENT>
      <PARAM_ITEM>
      <PARAM_NAME>matrix</PARAM_NAME>
      <PARAM_DESCRIPTION>
       The gray-level matrix obtained by matrix=imread("my_picture.jpg").
      </PARAM_DESCRIPTION>
      </PARAM_ITEM>
      <PARAM_ITEM>
      <PARAM_NAME>option</PARAM_NAME>
      <PARAM_DESCRIPTION>
       0 to draw the profiles on the image 1 to draw the profiles in separated windows. 2 to draw the profiles on the image and the gaussian interpolation (used with laser beam images) Default=0.
      </PARAM_DESCRIPTION>
      </PARAM_ITEM>
      <PARAM_ITEM>
      <PARAM_NAME>maximal_luminance</PARAM_NAME>
      <PARAM_DESCRIPTION>
        hprofile and vprofile will contain values in the 0-1 range. To draw the profile, you can specify a multiplication factor to these values. For example, if your initial image was 8bits, you could pass 255 as the maximal luminanace of the image. Default= 255.
      </PARAM_DESCRIPTION>
      </PARAM_ITEM>
      <PARAM_ITEM>
         <PARAM_NAME>hprofile</PARAM_NAME> or
      <PARAM_NAME>vprofile</PARAM_NAME>
      <PARAM_DESCRIPTION>
      Matrix containing the horizontal (or vertical) profile selected.
      </PARAM_DESCRIPTION>
      </PARAM_ITEM>
   </PARAM_INDENT>
   </PARAM>
   <DESCRIPTION>
   <P>
 Draws the values of pixels on a line and/or a row. Can  draw
 profiles on the image or in separate windows. With  the option=2,
 you can determine radius w of a laser beam,  which allows you to
 find the beam waist. </P>
   <P>
 This function was created (and tested) only with gray  level images. </P>
   </DESCRIPTION>
   <EXAMPLE><![CDATA[
   a=imread(SIPDIR+'images/tru.jpg');
   g=im2gray(a);
   improfile(g);

   //profiles in separate windows
   improfile(g,1)

   //laser beam visualisation
   b=gray_imread(SIPDIR+'images/photonics/laser1.jpg');
   improfile(b,2);
   ]]></EXAMPLE>

<!-- ================================= -->
   <AUTHORS>
      <AUTHORS_ITEM name="Jocelyn"> Jocelyn DRUEL &lt;jocelyn.druel1@libertysurf.fr&gt;
</AUTHORS_ITEM>
      <AUTHORS_ITEM name="Ricardo"> Ricardo Fabbri &lt;ricardofabbri@users.sf.net&gt; </AUTHORS_ITEM>
   </AUTHORS>
<!-- ================================= -->
<SECTION label="Availability">
The latest version of the Scilab Image Processing toolbox can be found at
<P><A href="http://siptoolbox.sourceforge.net">http://siptoolbox.sourceforge.net</A></P>
</SECTION>
<!-- ================================= -->
   <SEE_ALSO>
      <SEE_ALSO_ITEM> <LINK>xgetpixel</LINK> </SEE_ALSO_ITEM>
   </SEE_ALSO>
</MAN>
<!-- =================================================== 
           SIP - Scilab Image Processing toolbox
           Copyright (C) 2002-2004  Ricardo Fabbri

       See the file COPYING for license-related issues
     =================================================== -->
