<?xml version="1.0" encoding="ISO-8859-1" standalone="no"?>
<!DOCTYPE MAN SYSTEM "mansip.dtd">
<!-- $Revision: 1.1.1.1 $ $Date: 2005/07/20 01:33:33 $ -->
<MAN>
   <LANGUAGE>eng</LANGUAGE>
   <TITLE>radon</TITLE>
   <TYPE>SIP Toolbox</TYPE>
   <DATE>July 2004</DATE>
   <SHORT_DESCRIPTION name="radon">Radon transform</SHORT_DESCRIPTION>
   <CALLING_SEQUENCE>
      <CALLING_SEQUENCE_ITEM>R = radon(im,theta)</CALLING_SEQUENCE_ITEM>
   </CALLING_SEQUENCE>
   <PARAM target="in">
   <PARAM_INDENT>
      <PARAM_ITEM>
      <PARAM_NAME>im</PARAM_NAME>
      <PARAM_DESCRIPTION>
       2D image array
      </PARAM_DESCRIPTION>
      </PARAM_ITEM>
      <PARAM_ITEM>
         <PARAM_NAME>theta</PARAM_NAME>
      <PARAM_DESCRIPTION>
         vector representing the angles, in degrees. Defaults 
         to 0:179. If it is a scalar, then a column vector with the 
         corresponding projection is returned.
      </PARAM_DESCRIPTION>
      </PARAM_ITEM>
   </PARAM_INDENT>
   </PARAM>
   <PARAM target="out">
   <PARAM_INDENT>
      <PARAM_ITEM>
      <PARAM_NAME>R</PARAM_NAME>
      <PARAM_DESCRIPTION>
         matrix in which each column contains the Radon transform
         for an angle.
      </PARAM_DESCRIPTION>
      </PARAM_ITEM>
   </PARAM_INDENT>
   </PARAM>
   <DESCRIPTION>
      <P>
         The Radon transform is the projection of the image intensity
         along a radial line oriented at a specific angle
      </P>
   </DESCRIPTION>
   <EXAMPLE><![CDATA[
   im = zeros(100,100);
   im(25:75,25:75) = 1;
   r=radon(im);
   imshow(r,[])

   im2 = iradon(r);
   xbasc()
   imshow(im2,[])
   ]]></EXAMPLE>
   <AUTHORS>
      <AUTHORS_ITEM name="Leandro"> Leandro Farias Estrozi &lt;estrozi (AT) vms DOT cnrs-gif DOT fr&gt;</AUTHORS_ITEM>
      <AUTHORS_ITEM name="Ricardo"> Ricardo Fabbri &lt;ricardofabbri (AT) users DOT sf DOT net&gt; </AUTHORS_ITEM>
   </AUTHORS>
<!-- ================================= -->
<BIBLIO>
   <P>
      "The Radon Transform: Theory and Implementation",  Peter Toft,
      PhD Thesis, Technical University of Denmark, 1996:
      <A href="http://pto.linux.dk/PhD/">http://pto.linux.dk/PhD/</A>
   </P>
</BIBLIO>
<!-- ================================= -->
<SECTION label="Availability">
The latest version of the Scilab Image Processing toolbox can be found at
<P><A href="http://siptoolbox.sourceforge.net">http://siptoolbox.sourceforge.net</A></P>
</SECTION>
<!-- ================================= -->
   <SEE_ALSO>
      <SEE_ALSO_ITEM> <LINK>iradon</LINK> </SEE_ALSO_ITEM>
      <SEE_ALSO_ITEM> <LINK>hough</LINK> </SEE_ALSO_ITEM>
   </SEE_ALSO>
</MAN>
<!-- =================================================== 
           SIP - Scilab Image Processing toolbox
           Copyright (C) 2002-2004  Ricardo Fabbri

       See the file COPYING for license-related issues
     =================================================== -->
