<?xml version="1.0" encoding="ISO-8859-1" standalone="no"?>
<!DOCTYPE MAN SYSTEM "mansip.dtd">
<!-- $Revision: 1.1.1.1 $ $Date: 2005/07/20 01:33:34 $ -->
<MAN>
   <LANGUAGE>eng</LANGUAGE>
   <TITLE>rgb2ntsc</TITLE>
   <TYPE>SIP Toolbox</TYPE>
   <DATE>February 2004</DATE>
   <SHORT_DESCRIPTION name="rgb2ntsc">Converts from RGB to YIQ colorspace</SHORT_DESCRIPTION>
   <CALLING_SEQUENCE>
      <CALLING_SEQUENCE_ITEM>YIQ = rgb2ntsc(RGB)</CALLING_SEQUENCE_ITEM>
   </CALLING_SEQUENCE>
   <PARAM>
   <PARAM_INDENT>
      <PARAM_ITEM>
      <PARAM_NAME>RGB</PARAM_NAME>
      <PARAM_DESCRIPTION>
       A RGB image (M x N x 3) in 0-1 range or a RGB colormap (M x 3) in 0-1 range
      </PARAM_DESCRIPTION>
      </PARAM_ITEM>
      <PARAM_ITEM>
      <PARAM_NAME>YIQ</PARAM_NAME>
      <PARAM_DESCRIPTION>
       A YIQ image (M x N x 3) in 0-1 range or a YIQ colormap (M x 3) in 0-1 range
      </PARAM_DESCRIPTION>
      </PARAM_ITEM>
   </PARAM_INDENT>
   </PARAM>
   <DESCRIPTION>
   <P>
 rgb2ntsc(RGB) converts an RGB image or colormap from RGB  to YIQ colorspace. The YIQ model is used in NTSC and European TV&apos;s. It is useful for b&amp;w and color compatibility,  since the cromaticity (I and Q) and luminance (Y) are conveniently isolated. rgb2ntsc(RGB) uses the following operation to convert each RGB triplet: </P>
   <VERBATIM>
        ! Y !   !  0.299 0.587  0.114   !   ! R !
        ! I ! = !  0.596 -0.274 -0.322  ! * ! G !
        ! Q !   !  0.212 -0.523 0.311   !   ! B !
   </VERBATIM>
   </DESCRIPTION>
   <EXAMPLE><![CDATA[
       initial_dir = PWD;
       chdir (SIPDIR + 'images');

       rgb = imread('tru.jpg');     // RGB colorspace, 0-1 range
       imshow(rgb);
       yiq = rgb2ntsc(rgb);      // YIQ colorspace, 0-1 range
       yiq(:,:,2) = yiq(:,:,2) /4; // Decrease chromaticity
       yiq(:,:,3) = yiq(:,:,3) /4;
       rgb = ntsc2rgb(yiq);
       imshow(rgb);

       chdir(initial_dir);
   ]]></EXAMPLE>
   <AUTHORS>
      <AUTHORS_ITEM name="Ricardo"> Ricardo Fabbri &lt;ricardofabbri (AT) users DOT sf DOT net&gt; </AUTHORS_ITEM>
   </AUTHORS>
<!-- ================================= -->
<SECTION label="Availability">
The latest version of the Scilab Image Processing toolbox can be found at
<P><A href="http://siptoolbox.sourceforge.net">http://siptoolbox.sourceforge.net</A></P>
</SECTION>
<!-- ================================= -->
   <SEE_ALSO>
      <SEE_ALSO_ITEM> <LINK>ntsc2rgb</LINK> </SEE_ALSO_ITEM>
      <SEE_ALSO_ITEM> <LINK>im2gray</LINK> </SEE_ALSO_ITEM>
   </SEE_ALSO>
</MAN>
<!-- =================================================== 
           SIP - Scilab Image Processing toolbox
           Copyright (C) 2002-2004  Ricardo Fabbri

       See the file COPYING for license-related issues
     =================================================== -->
