<?xml version="1.0" encoding="ISO-8859-1" standalone="no"?>
<!DOCTYPE MAN SYSTEM "mansip.dtd">
<!-- $Revision: 1.1.1.1 $ $Date: 2005/07/20 01:33:33 $ -->
<MAN>
   <LANGUAGE>eng</LANGUAGE>
   <TITLE>sip_fftshift</TITLE>
   <TYPE>SIP Toolbox</TYPE>
   <DATE>February 2004</DATE>
   <SHORT_DESCRIPTION name="sip_fftshift">Swap arrays (used with fft)</SHORT_DESCRIPTION>
   <CALLING_SEQUENCE>
      <CALLING_SEQUENCE_ITEM>Y = sip_fftshift(X)</CALLING_SEQUENCE_ITEM>
   </CALLING_SEQUENCE>
   <PARAM>
   <PARAM_INDENT>
      <PARAM_ITEM>
      <PARAM_NAME>X and Y</PARAM_NAME>
      <PARAM_DESCRIPTION>
      double vectors
      </PARAM_DESCRIPTION>
      </PARAM_ITEM>
   </PARAM_INDENT>
   </PARAM>
   <DESCRIPTION>
   <P>
 sip_fftshift(X) swaps the left and right halves of X. </P>
   <P>
      sip_fftshift is a substitute for mtlb_fftshift, a Scilab function which is in FRACLAB contribution. We provide it here,  since its necessary for many image processing tasks. </P>
   </DESCRIPTION>
   <REMARKS>
   <P>
   fftshift is now present in Scilab CVS. sip_fftshift is provided only
   for those versions of scilab that do not have fftshift.
   </P>
   <P>
   There are optional arguments not documented, as well as other
   features of this function that we don't cover in this help page.
   Refer to the sourcecode (which is simple) for that.
   </P>
   </REMARKS>
   <AUTHORS>
      <AUTHORS_ITEM name="Ricardo"> Ricardo Fabbri &lt;ricardofabbri (AT) users DOT sf DOT net&gt; </AUTHORS_ITEM>
      <AUTHORS_ITEM name="Scilab"> Scilab Group &lt;Scilab@inria.fr&gt; </AUTHORS_ITEM>
   </AUTHORS>
<!-- ================================= -->
<SECTION label="Availability">
The latest version of the Scilab Image Processing toolbox can be found at
<P><A href="http://siptoolbox.sourceforge.net">http://siptoolbox.sourceforge.net</A></P>
</SECTION>
<!-- ================================= -->
   <SEE_ALSO>
      <SEE_ALSO_ITEM> <LINK>fft</LINK> </SEE_ALSO_ITEM>
      <SEE_ALSO_ITEM>FRACLAB toolbox</SEE_ALSO_ITEM>
   </SEE_ALSO>
</MAN>
<!-- =================================================== 
           SIP - Scilab Image Processing toolbox
           Copyright (C) 2002-2004  Ricardo Fabbri

       See the file COPYING for license-related issues
     =================================================== -->
