<?xml version="1.0" encoding="ISO-8859-1" standalone="no"?>
<!DOCTYPE MAN SYSTEM "mansip.dtd">
<!-- $Revision: 1.1.1.1 $ $Date: 2005/07/20 01:33:33 $ -->
<MAN>
   <LANGUAGE>eng</LANGUAGE>
   <TITLE>xgetpixel</TITLE>
   <TYPE>SIP Toolbox</TYPE>
   <DATE>February 2004</DATE>
   <SHORT_DESCRIPTION name="xgetpixel">Gets the pixel coordinates from an image</SHORT_DESCRIPTION>
   <CALLING_SEQUENCE>
      <CALLING_SEQUENCE_ITEM>p = xgetpixel(arg [,winno])</CALLING_SEQUENCE_ITEM>
   </CALLING_SEQUENCE>
   <PARAM>
   <PARAM_INDENT>
      <PARAM_ITEM>
      <PARAM_NAME>arg</PARAM_NAME>
      <PARAM_DESCRIPTION>
       the number of rows in the considered image, or the image itself, depending on what&apos;s more convenient to the user.
      </PARAM_DESCRIPTION>
      </PARAM_ITEM>
      <PARAM_ITEM>
      <PARAM_NAME>winno</PARAM_NAME>
      <PARAM_DESCRIPTION>
       the number of the scilab graphical window. Defaults to the current active window.
      </PARAM_DESCRIPTION>
      </PARAM_ITEM>
      <PARAM_ITEM>
      <PARAM_NAME>p</PARAM_NAME>
      <PARAM_DESCRIPTION>
       the (row,col) coordinate of the pixel that have been clicked on the image.
      </PARAM_DESCRIPTION>
      </PARAM_ITEM>
   </PARAM_INDENT>
   </PARAM>
   <DESCRIPTION>
   <P>
 Function xgetpixel interactively shows the (row,col) position of the mouse cursor over an image ploted into scilab  graphic. </P>
   </DESCRIPTION>
   <EXAMPLE><![CDATA[
       initial_dir = PWD;
       chdir (SIPDIR + 'images');

       [im,map] = imread('example.bmp');
       xbasc()
       imshow(im,map);
       p = xgetpixel(im)

       chdir(initial_dir);
   ]]></EXAMPLE>
   <AUTHORS>
      <AUTHORS_ITEM name="Ricardo"> Ricardo Fabbri &lt;ricardofabbri (AT) users DOT sf DOT net&gt; </AUTHORS_ITEM>
   </AUTHORS>
<!-- ================================= -->
<SECTION label="Availability">
The latest version of the Scilab Image Processing toolbox can be found at
<P><A href="http://siptoolbox.sourceforge.net">http://siptoolbox.sourceforge.net</A></P>
</SECTION>
<!-- ================================= -->
   <SEE_ALSO>
      <SEE_ALSO_ITEM> <LINK>xgetmouse</LINK> </SEE_ALSO_ITEM>
      <SEE_ALSO_ITEM> <LINK>xclick</LINK> </SEE_ALSO_ITEM>
      <SEE_ALSO_ITEM> <LINK>locate</LINK> </SEE_ALSO_ITEM>
   </SEE_ALSO>
</MAN>
<!-- =================================================== 
           SIP - Scilab Image Processing toolbox
           Copyright (C) 2002-2004  Ricardo Fabbri

       See the file COPYING for license-related issues
     =================================================== -->
